{"loss": 0.16805849969387054, "accuracy": 0.9722222089767456}